Model,Accuracy,Precision,Recall,F1 Score
Logistic Regression,0.8617886178861789,0.84,0.9882352941176471,0.9081081081081082
Random Forest,0.8292682926829268,0.8478260869565217,0.9176470588235294,0.8813559322033898
XGBoost,0.8373983739837398,0.8494623655913979,0.9294117647058824,0.8876404494382022
