Model,Accuracy,Precision,Recall,F1 Score,ROC-AUC
XGBoost,0.8780487804878049,0.8888888888888888,0.9411764705882353,0.9142857142857143,0.8637770897832817
Random Forest,0.8617886178861789,0.8953488372093024,0.9058823529411765,0.9005847953216374,0.8773993808049536
Logistic Regression,0.8130081300813008,0.8522727272727273,0.8823529411764706,0.8670520231213873,0.8625386996904024
