Model,Accuracy,Precision,Recall,F1 Score,ROC-AUC
Logistic Regression,0.9737250202657456,0.05313700384122919,0.8736842105263158,0.10018105009052504,0.9618504434817429
Random Forest,0.9994713283755683,0.9113924050632911,0.7578947368421053,0.8275862068965517,0.9543195688467431
XGBoost,0.9958234941669898,0.2633333333333333,0.8315789473684211,0.4,0.975199118517906
Isolation Forest,0.9972156627779931,0.18811881188118812,0.2,0.19387755102040816,N/A
